epoch,train_total_loss,train_regression_mse,drug_reconstruction_plus_kl,target_reconstruction_plus_kl,native_train_ci_batch_weighted,training_samples,optimizer_updates,optimizer_constructions,epoch_seconds,elapsed_seconds,cuda_allocated_bytes,cuda_reserved_bytes,cuda_peak_allocated_bytes,cuda_peak_reserved_bytes,host_rss_bytes
1,2.4979305557053157,2.4939256478200083,204.09978243028436,2772.518941548738,0.5144560861333908,25194,99,1,29.74910496000001,36.08103579599998,123157504,2432696320,2086657536,2432696320,1763581952
2,0.8641082236026216,0.8608193936268091,143.7794406845748,2613.233463324601,0.5662568216429085,25194,198,2,23.694314607999956,59.776939696,123157504,2432696320,2086657536,2432696320,1771065344
3,0.8011915015873383,0.7979700728154347,139.840238723337,2573.688740665405,0.6271356488017986,25194,297,3,24.550139392999995,84.328910447,123157504,2432696320,2086657536,2432696320,1765564416
4,0.8277961239082677,0.8247080562587313,137.8699422353145,2413.2228746528504,0.627438981263157,25194,396,4,25.187351782999997,109.51793777199998,123157504,2432696320,2086657536,2432696320,1771327488
5,0.6834785751930407,0.6804709030189448,134.57941904996912,2346.1820312655045,0.6964918376671337,25194,495,5,24.875691777999975,134.3950127,123157504,2432696320,2086657536,2432696320,1763532800
6,0.6877888765937518,0.6847928765700755,132.13899632988634,2364.152343769381,0.697449835428238,25194,594,6,24.625155258999996,159.02166842100002,123157504,2432696320,2086657536,2432696320,1764593664
7,0.8274552820551592,0.8245061863847524,130.96034599752988,2314.5784803673496,0.6359801161731151,25194,693,7,24.703584352000007,183.726769553,123157504,2432696320,2086657536,2432696320,1768521728
8,0.6906908529423869,0.687722958699478,129.0074632630572,2368.6883378731045,0.7069567131685758,25194,792,8,24.878263887999992,208.606458417,123157504,2432696320,2086657536,2432696320,1769922560
9,0.6861129318843562,0.6831947635485746,126.32052018281495,2336.4178633956744,0.7070066863897917,25194,891,9,24.78270250500003,233.39107048099999,123157504,2432696320,2086657536,2432696320,1770979328
10,0.6213786134627487,0.6184116681956238,123.32600849136773,2447.557774056137,0.7175214685901268,25194,990,10,24.72856184799997,258.121255734,123157504,2432696320,2086657536,2432696320,1772208128
11,0.645887945976732,0.642989282538193,121.59741369618247,2375.5630245428288,0.7128112218706837,25194,1089,11,24.76947514699998,282.893025917,123157504,2432696320,2086657536,2432696320,1768693760
12,0.5872961173949378,0.5844518140572313,117.13392158151572,2361.832912090459,0.7260371404828992,25194,1188,12,24.868750676000047,307.763819878,123157504,2432696320,2086657536,2432696320,1769750528
13,0.5643280892038266,0.5615235656639447,113.75626793613299,2353.3563067975324,0.736627450748844,25194,1287,13,24.831300943000087,332.596631982,123157504,2432696320,2086657536,2432696320,1772208128
14,0.5767462402854239,0.5739136440910838,113.71287591129747,2393.6040840654646,0.7377261319283106,25194,1386,14,24.834548112999983,357.43260293500003,123157504,2432696320,2086657536,2432696320,1765990400
15,0.5452375126195407,0.5424936946454555,110.40706614232153,2314.936564873767,0.7448066845814216,25194,1485,15,24.854402284000003,382.28843109400003,123157504,2432696320,2086657536,2432696320,1772294144
16,0.5446583708430166,0.5419743109943659,104.39553905322626,2315.442299087208,0.7520231542307545,25194,1584,16,24.85755296500008,407.14824507500003,123157504,2432696320,2086657536,2432696320,1770979328
17,0.5502348568071929,0.5476439272334408,97.99705420337594,2274.2924832208314,0.7602352780265033,25194,1683,17,24.852768390999927,432.00312444,123157504,2432696320,2086657536,2432696320,1771065344
18,0.5509530359708649,0.5483805505640026,96.43402345322272,2270.322771097068,0.7589626106570863,25194,1782,18,24.876268227999958,456.881056579,123157504,2432696320,2086657536,2432696320,1772294144
19,0.5307304079952605,0.5282576925708934,91.50605697492536,2199.0393360413814,0.766332084970587,25194,1881,19,24.881906942,481.764332499,123157504,2432696320,2086657536,2432696320,1766072320
20,0.5167978413002619,0.5143520261944784,90.82679826421966,2170.6518022489236,0.766522845380068,25194,1980,20,24.891622774999973,506.65749113500004,123157504,2432696320,2086657536,2432696320,1765150720
21,0.49738114139877954,0.49505112080230707,85.24345420116072,2086.004618690214,0.7679776332392961,25194,2079,21,24.823987747000047,531.4831126419999,123157504,2432696320,2086657536,2432696320,1764093952
22,0.48953832905851036,0.4872254277918465,83.77990536842307,2082.4962246870537,0.7682055483273573,25194,2178,22,24.800492211000005,556.285234336,123157504,2432696320,2086657536,2432696320,1771028480
23,0.46889459801503774,0.46665991562987696,77.37933018802414,2062.434179013046,0.7761699438303286,25194,2277,23,24.77992002399992,581.0670475229999,123157504,2432696320,2086657536,2432696320,1764466688
24,0.45435335011655226,0.4521806250869958,71.53754072498971,2057.4374641648,0.782147669282103,25194,2376,24,24.78960225000003,605.85805097,123157504,2432696320,2086657536,2432696320,1766592512
25,0.44124600475313475,0.43910469783718004,66.99079332369097,2077.2684691985505,0.7862576488853494,25194,2475,25,24.77561136600002,630.635076776,123157504,2432696320,2086657536,2432696320,1771200512
26,0.4281102311183434,0.4259814569389308,64.45744050642115,2095.3428909242402,0.7863164226990083,25194,2574,26,24.792615017000003,655.4291550979999,123157504,2432696320,2086657536,2432696320,1771200512
27,0.4272639074192697,0.4251827874348884,56.96903525680514,2133.7853659120847,0.7882185857135303,25194,2673,27,24.832217173000004,680.2635033050001,123157504,2432696320,2086657536,2432696320,1771200512
28,0.4058220381868106,0.4038013318795916,53.73721624418148,2094.119759000236,0.795382465418723,25194,2772,28,24.90732730800005,705.1733365980001,123157504,2432696320,2086657536,2432696320,1771028480
29,0.3993980212373242,0.39748847423313705,47.52513743321309,2024.8876930740114,0.7986468467067384,25194,2871,29,24.943946942000025,730.1189667230001,123157504,2432696320,2086657536,2432696320,1765322752
30,0.3945906419521988,0.3927037289069363,43.712799804801364,2046.7577054595401,0.799959669025529,25194,2970,30,24.943347861999996,755.0638715749999,123157504,2432696320,2086657536,2432696320,1771200512
31,0.39652293631886076,0.3946473105867732,44.394241489871604,2021.1979802940123,0.8041445260257241,25194,3069,31,24.913780832000043,779.9792239420001,123157504,2432696320,2086657536,2432696320,1764384768
32,0.38778300342403105,0.38596066071929047,40.65479308695625,1998.7690499458577,0.8054458951916005,25194,3168,32,24.908917436000024,804.8903937090001,123157504,2432696320,2086657536,2432696320,1763876864
33,0.3755694181353949,0.37379515076181363,36.318634216715594,1992.1130160908383,0.8064517604980127,25194,3267,33,24.887825119000127,829.7799173230001,123157504,2432696320,2086657536,2432696320,1770090496
34,0.3880434041814576,0.38632586763767607,31.648120854538167,1977.960564156908,0.8109848261627118,25194,3366,34,24.881826650999983,854.663557484,123157504,2432696320,2086657536,2432696320,1764093952
35,0.3771965857951558,0.3754898831751022,31.800306437838273,1960.5165543119765,0.8126721224435087,25194,3465,35,24.924725165999916,879.5900758980001,123157504,2432696320,2086657536,2432696320,1764466688
36,0.37314788118623465,0.371435857577637,32.87771648159573,1952.8185805880742,0.8054621067181119,25194,3564,36,24.918184635999978,904.50982277,123157504,2432696320,2086657536,2432696320,1765195776
37,0.3596605966254303,0.3580134202182563,27.67012512671566,1934.7896983858384,0.8172549014953788,25194,3663,37,24.93274590100009,929.444245525,123157504,2432696320,2086657536,2432696320,1765695488
38,0.3648805451566306,0.363264134024934,26.02757872817459,1914.5450491781432,0.81237350776762,25194,3762,38,24.939978957999983,954.3857308470001,123157504,2432696320,2086657536,2432696320,1763581952
39,0.3620025281859947,0.3603956514292694,24.833172589282608,1917.9437710534223,0.8121058261989743,25194,3861,39,24.915036641999905,979.302290529,123157504,2432696320,2086657536,2432696320,1771028480
40,0.3599592652114183,0.3583830993469058,23.316930424744076,1895.9964351049914,0.8201838044303745,25194,3960,40,24.931535823000104,1004.235315461,123157504,2432696320,2086657536,2432696320,1771376640
41,0.3517881907895888,0.35022308682462305,22.946562860980528,1885.6054615693934,0.8243198740564661,25194,4059,41,24.925197153,1029.162662676,123157504,2432696320,2086657536,2432696320,1764093952
42,0.345525926459429,0.34397282803248835,21.19502153507895,1893.3878963694854,0.8173248232702722,25194,4158,42,24.876124561000097,1054.040380036,123157504,2432696320,2086657536,2432696320,1764892672
43,0.33850275485882014,0.336951991907659,21.68582807469578,1883.1599686433278,0.8265176835519658,25194,4257,43,24.89187273099992,1078.93383627,123157504,2432696320,2086657536,2432696320,1771376640
44,0.34074896745779426,0.3392066382184581,21.276496146494996,1877.0306477690156,0.823066566410051,25194,4356,44,24.906497873000035,1103.8418147700002,123157504,2432696320,2086657536,2432696320,1764466688
45,0.3326999982633392,0.3311610639289304,22.365440320654447,1856.8675953119418,0.8274797728688715,25194,4455,45,24.871894613999984,1128.715340913,123157504,2432696320,2086657536,2432696320,1764642816
46,0.3316035877549195,0.33009079906158223,20.706364225941897,1843.3757404649295,0.8346641615022503,25194,4554,46,24.897884345999955,1153.614857131,123157504,2432696320,2086657536,2432696320,1766260736
47,0.3357132514327294,0.3342283491015368,18.7441454287265,1831.7099089289768,0.8322731025911488,25194,4653,47,24.920744611000146,1178.537176481,123157504,2432696320,2086657536,2432696320,1771028480
48,0.3346702756070803,0.333199454625987,19.625046407002024,1799.391962046395,0.8310565237697272,25194,4752,48,24.93212024799982,1203.4710893400002,123157504,2432696320,2086657536,2432696320,1771376640
49,0.3266927535946789,0.3252257007620226,19.281254384918345,1798.9262361186568,0.8366673224793925,25194,4851,49,24.923337214999947,1228.396686972,123157504,2432696320,2086657536,2432696320,1765576704
50,0.3153762518436916,0.31390123199879993,19.484589180095032,1807.3034712738524,0.8348413497301816,25194,4950,50,24.921482817000197,1253.319725738,123157504,2432696320,2086657536,2432696320,1768656896
51,0.32151620003300224,0.32005960815973183,19.225925135614382,1784.9377715936055,0.8322701944361947,25194,5049,51,24.940359870999828,1278.2617055560002,123157504,2432696320,2086657536,2432696320,1768570880
52,0.3124163264488998,0.3109660863762783,19.038797040889214,1778.6163929527956,0.8352859703436668,25194,5148,52,24.916619440999966,1303.179793908,123157504,2432696320,2086657536,2432696320,1764093952
53,0.31418897084388464,0.31276270685909835,17.107865496553146,1772.0260827637687,0.8342452218412,25194,5247,53,24.92724897700009,1328.1085534860001,123157504,2432696320,2086657536,2432696320,1771200512
54,0.3066710992527356,0.3052546090030988,17.085646867884563,1758.5422498850328,0.8381465131624962,25194,5346,54,24.906144454000014,1353.016338444,123157504,2432696320,2086657536,2432696320,1768742912
55,0.3143404779679682,0.31291844175383715,18.29220320715302,1749.3364031734832,0.8398364824539727,25194,5445,55,24.904331121999803,1377.9222119400001,123157504,2432696320,2086657536,2432696320,1771028480
56,0.3110049873403569,0.30956105994943534,19.45194572859968,1763.8692014227408,0.8393245935818596,25194,5544,56,24.915311498999927,1402.840176592,123157504,2432696320,2086657536,2432696320,1764380672
57,0.3209981787717654,0.3195960817639294,18.722736883288366,1715.108577942975,0.8394013915192923,25194,5643,57,24.90590872100006,1427.7476261240001,123157504,2432696320,2086657536,2432696320,1763581952
58,0.3116981459343406,0.3102843574449128,18.26128305763898,1738.131972805095,0.836769309968071,25194,5742,58,24.91841452099993,1452.667614063,123157504,2432696320,2086657536,2432696320,1763581952
59,0.30127243532153686,0.2998898261604285,16.167211483686398,1723.6762937379374,0.8375371412132395,25194,5841,59,24.938277937000066,1477.607773098,123157504,2432696320,2086657536,2432696320,1764466688
60,0.305458919298576,0.30408878168662673,16.316456427940956,1703.9618830046807,0.8431605952897223,25194,5940,60,24.94109252899989,1502.5508557540002,123157504,2432696320,2086657536,2432696320,1764642816
61,0.30543977165303554,0.3040838867574966,16.221179547741023,1685.1857623997932,0.848001594234764,25194,6039,61,24.931392158000108,1527.4837585520002,123157504,2432696320,2086657536,2432696320,1763581952
62,0.29758546614898634,0.2962207473418803,16.42497091285007,1694.7811397035566,0.8443423784980038,25194,6138,62,24.94060669999999,1552.4259187070002,123157504,2432696320,2086657536,2432696320,1764134912
63,0.30014201537610957,0.29878486117654596,17.20183416240753,1673.1319003982223,0.8407373291883826,25194,6237,63,24.920863659999895,1577.348213728,123157504,2432696320,2086657536,2432696320,1773658112
64,0.30193713128997324,0.3005702626121284,17.27797692388147,1685.7730681590544,0.8453692258979968,25194,6336,64,24.9308234560001,1602.281104697,123157504,2432696320,2086657536,2432696320,1771118592
65,0.29736266168723213,0.29601724109044386,17.643344056826788,1650.3347736021597,0.8433118197164091,25194,6435,65,24.926001479999968,1627.209336956,123157504,2432696320,2086657536,2432696320,1763713024
66,0.2969983910034694,0.29562929423591433,18.56516921093438,1670.74602639184,0.8434015263676066,25194,6534,66,24.92429575999995,1652.135148732,123157504,2432696320,2086657536,2432696320,1764466688
67,0.3026760967182642,0.3013129065819768,16.97938110249813,1684.7951259553986,0.8445623452496678,25194,6633,67,24.92063342399979,1677.05761362,123157504,2432696320,2086657536,2432696320,1763581952
68,0.28858901637077633,0.2872339891892459,17.43826880216163,1666.7912254421315,0.8467264025847457,25194,6732,68,24.91821095499995,1701.977502334,123157504,2432696320,2086657536,2432696320,1769971712
69,0.292200344949523,0.290851860850484,17.280268730223533,1659.7847242701325,0.8485826352829875,25194,6831,69,24.916670778000025,1726.896199796,123157504,2432696320,2086657536,2432696320,1771028480
70,0.28788437432946407,0.2865488605384951,16.530164595453513,1652.0634078961323,0.8483737219209907,25194,6930,70,24.932728649000182,1751.83051959,123157504,2432696320,2086657536,2432696320,1771376640
71,0.28556642911732644,0.2842403708909006,16.971741901708707,1632.4803484530357,0.8466136424638189,25194,7029,71,24.924436899000057,1776.756512403,123157504,2432696320,2086657536,2432696320,1764093952
72,0.28067425252275163,0.2793585189663343,16.657246073115445,1622.3449158262354,0.849280887045841,25194,7128,72,24.92915836599991,1801.6873742310001,123157504,2432696320,2086657536,2432696320,1765351424
73,0.28069991022857055,0.2793685297975656,18.622347617855315,1616.6916579394679,0.8519387478448762,25194,7227,73,24.93219804599994,1826.621334883,123157504,2432696320,2086657536,2432696320,1771376640
74,0.28202769896516044,0.28068768666539484,17.26016056623744,1648.1073234880919,0.8449574799265872,25194,7326,74,24.91219950699997,1851.536234457,123157504,2432696320,2086657536,2432696320,1765523456
75,0.2877684939051466,0.2864444008079457,17.26814394965478,1625.5237815973824,0.8483012854991436,25194,7425,75,24.917615491000106,1876.4553711400001,123157504,2432696320,2086657536,2432696320,1773486080
76,0.27599089332631704,0.2746681171974568,17.49121129279043,1620.511676858283,0.8497247571480353,25194,7524,76,24.929461890999846,1901.3874899270002,123157504,2432696320,2086657536,2432696320,1763758080
77,0.27983112898555795,0.278519025705462,17.67190959876214,1602.8966732898798,0.8489572729744154,25194,7623,77,24.929553099999794,1926.3185330889999,123157504,2432696320,2086657536,2432696320,1765535744
78,0.281892344536569,0.2805770213316573,17.520691780113953,1609.5769173498807,0.852876379800863,25194,7722,78,24.91910748700002,1951.2393861130001,123157504,2432696320,2086657536,2432696320,1772392448
79,0.2784651002105933,0.27715330073461936,17.71173625587802,1601.9045357440325,0.8521144349887143,25194,7821,79,24.889315490999707,1976.130287539,123157504,2432696320,2086657536,2432696320,1773572096
80,0.28126181608733275,0.27997273876713014,16.287055156907932,1589.938941373535,0.8520427018231301,25194,7920,80,24.89832147800007,2001.0302261,123157504,2432696320,2086657536,2432696320,1773617152
81,0.27559272388839584,0.2742729754597268,19.297939423938644,1590.7311007305962,0.8557087991922216,25194,8019,81,24.878389126000002,2025.9114881450002,123157504,2432696320,2086657536,2432696320,1765101568
82,0.2715981184792744,0.2703002235610646,16.971094529988548,1592.7296519438842,0.8548375460148956,25194,8118,82,24.88336836299959,2050.796401887,123157504,2432696320,2086657536,2432696320,1764093952
83,0.2716600211038375,0.27034043736274993,19.06686978454844,1593.763225708347,0.8528534339715292,25194,8217,83,24.883197039999686,2075.681223484,123157504,2432696320,2086657536,2432696320,1772257280
84,0.27083998113442403,0.26953536055102617,18.33117585599711,1583.0249835689115,0.8525695803099761,25194,8316,84,24.912443623999934,2100.595288038,123157504,2432696320,2086657536,2432696320,1767473152
85,0.26835536002175925,0.26706734998170145,17.487051866371935,1571.4927192428163,0.8528194033816626,25194,8415,85,24.927314956999908,2125.524374575,123157504,2432696320,2086657536,2432696320,1772429312
86,0.26863245171214356,0.2673606123265704,17.272634660515358,1551.689233452704,0.8554850568504119,25194,8514,86,24.933157037,2150.460074827,123157504,2432696320,2086657536,2432696320,1773486080
87,0.2648752881883108,0.26357762526545986,19.362790637596586,1558.6368661123277,0.8548775972748045,25194,8613,87,24.922608454000056,2175.385020927,123157504,2432696320,2086657536,2432696320,1771376640
88,0.2707231616802591,0.2694312687254978,17.703270501765672,1573.920053093076,0.853525043854006,25194,8712,88,24.918050057000073,2200.30511683,123157504,2432696320,2086657536,2432696320,1773658112
89,0.26567277184997257,0.26438909884510586,18.051878063434778,1557.3926617921493,0.855168776005102,25194,8811,89,24.938377324000157,2225.2458636789997,123157504,2432696320,2086657536,2432696320,1769971712
90,0.2655084340844143,0.26424432911124884,17.079817231594593,1543.4906801637264,0.8567285185873939,25194,8910,90,24.91116527899976,2250.1585668549997,123157504,2432696320,2086657536,2432696320,1763876864
91,0.2733074084741687,0.27203797226487964,16.554285710810138,1558.438505837281,0.8560056223077812,25194,9009,91,24.917424521999692,2275.077591062,123157504,2432696320,2086657536,2432696320,1772605440
92,0.26169383683412467,0.26042865128723264,16.66494907007583,1550.873481975185,0.8570194754693644,25194,9108,92,24.923654909000106,2300.0027877059997,123157504,2432696320,2086657536,2432696320,1770000384
93,0.2673043094311024,0.26603340349675664,16.780701244730054,1557.3159793479165,0.8568199958755467,25194,9207,93,24.932273641999927,2324.9374545299997,123157504,2432696320,2086657536,2432696320,1764601856
94,0.2614788104472978,0.26019819919278697,18.724057839031662,1543.5826425512244,0.8522972523375921,25194,9306,94,24.935073274999922,2349.874086515,123157504,2432696320,2086657536,2432696320,1769889792
95,0.2593069008425927,0.2580460304753822,17.081919212156585,1538.8946500352577,0.8584497986761949,25194,9405,95,24.919308470000033,2374.794887262,123157504,2432696320,2086657536,2432696320,1772257280
96,0.26196721198895323,0.2606986827087883,17.590796968336377,1542.5242405844708,0.8569520102745675,25194,9504,96,24.919124695999926,2399.7155901819997,123157504,2432696320,2086657536,2432696320,1768771584
97,0.26467499425555635,0.26342381732732784,18.395291514440956,1506.6690915798094,0.8562716907656949,25194,9603,97,24.926196901000367,2424.643375876,123157504,2432696320,2086657536,2432696320,1768771584
98,0.25777844667217037,0.2565465783094843,16.818974789205104,1501.664491088218,0.8570819883211421,25194,9702,98,24.922274862999984,2449.5674508979996,123157504,2432696320,2086657536,2432696320,1763786752
99,0.2533611568622365,0.25212338364501885,17.421145703136386,1501.4999814622126,0.8595967533674147,25194,9801,99,24.917814679999992,2474.4867201039997,123157504,2432696320,2086657536,2432696320,1763786752
100,0.2505054721472575,0.24927564996702856,16.867628132661977,1498.0873743868674,0.8611114279489683,25194,9900,100,24.908673042000373,2499.396992392,123157504,2432696320,2086657536,2432696320,1771229184
