epoch,train_loss,train_native_ci,val_loss,val_native_ci,val_global_ci,val_mse,val_aupr,val_rm2,val_mae_diagnostic,ci_gap_to_paper,aupr_gap_to_paper,rm2_gap_to_paper,mse_gap_to_paper,best_val_native_ci_so_far,best_epoch_so_far,epochs_since_improvement,elapsed_seconds,epoch_seconds,estimated_remaining_seconds,worker_rss_bytes,gpu_used_mib,gpu_total_mib,train_loss_finite,train_native_ci_finite,val_loss_finite,val_native_ci_finite,val_full_metrics_finite,diagnostic_epoch
1,24.75223731994629,0.5362934470176697,5.199433326721191,0.5796294212341309,0.5746929306858952,5.199433086676548,0.5019029714605213,0.05505222178414323,1.8249607448942924,0.1933070693141048,0.2850970285394787,0.3959477782158568,3.2924330866765477,0.5796294212341309,1,0,643.246225577,37.13384727699997,11295.976498884987,2827214848,13883,15360,True,True,True,True,True,True
2,7.13478946685791,0.5379595160484314,5.142898082733154,0.5865669846534729,0.5873672093213506,5.142897856509585,0.5388757112935308,0.07656938262981862,1.851854169448597,0.18063279067864946,0.2481242887064692,0.3744306173701814,3.2358978565095846,0.5865669846534729,2,0,659.5850822589999,16.26933052800007,8063.588345462998,2922131456,13883,15360,True,True,True,True,True,True
3,4.966311931610107,0.5620464086532593,4.298906326293945,0.6034034490585327,0.607111970736382,4.2989059347423435,0.5998718130750018,0.11364400118488291,1.6820162275077053,0.160888029263618,0.18712818692499822,0.33735599881511713,2.3919059347423435,0.6034034490585327,3,0,675.9478224449999,16.06077725700004,6977.597452154997,2888876032,13883,15360,True,True,True,True,True,True
4,3.7241311073303223,0.5814318656921387,3.5304036140441895,0.6150822639465332,0.6229007678193696,3.530403591849156,0.6291743352496513,0.14245160307111887,1.5214249165320513,0.14509923218063037,0.15782566475034876,0.30854839692888114,1.623403591849156,0.6150822639465332,4,0,692.477809235,16.233426878000046,6438.796921688001,2932506624,13883,15360,True,True,True,True,True,True
5,3.610515594482422,0.6084503531455994,3.6738462448120117,0.6215000152587891,0.6305789615155375,3.6738461753150227,0.6472173660446954,0.16322766341405992,1.53801352886492,0.13742103848446252,0.13978263395530466,0.2877723365859401,1.7668461753150226,0.6215000152587891,5,0,709.569390477,16.79487321099998,6142.038677907,2952871936,13883,15360,True,True,True,True,True,True
6,3.6337578296661377,0.6291027665138245,3.180542469024658,0.6306285858154297,0.6375734804305399,3.180542364571272,0.654409602932877,0.18049870914903893,1.429824659470736,0.13042651956946016,0.13259039706712306,0.2705012908509611,1.2735423645712718,0.6306285858154297,6,0,726.3043798909999,16.618579883999928,5921.029653384999,2999701504,13883,15360,True,True,True,True,True,True
7,3.221269130706787,0.6459302306175232,3.0911366939544678,0.6378915905952454,0.6458243247981115,3.091136521073144,0.6632852524136261,0.198852680882301,1.4028702954926562,0.12217567520188855,0.12371474758637391,0.25214731911769905,1.1841365210731438,0.6378915905952454,7,0,743.157456467,16.551710404000005,5763.327430611857,2957651968,13883,15360,True,True,True,True,True,True
8,3.0207362174987793,0.6590375900268555,3.01497220993042,0.6468679308891296,0.6554249886054203,3.014972345481742,0.6721653009195727,0.22070008065368749,1.3831732958241512,0.1125750113945797,0.11483469908042732,0.23029991934631253,1.107972345481742,0.6468679308891296,8,0,759.546652733,16.35769135099997,5623.905870448501,2968510464,13883,15360,True,True,True,True,True,True
9,2.896711826324463,0.6700510382652283,3.379002571105957,0.653889000415802,0.6661417368845466,3.3790025654854245,0.6847973057826608,0.24098694119711003,1.4807808732073844,0.10185826311545343,0.10220269421733919,0.21001305880288998,1.4720025654854245,0.653889000415802,9,0,775.7752759279999,16.197192281999946,5506.632960507998,2968444928,13883,15360,True,True,True,True,True,True
10,2.95357346534729,0.6821798086166382,2.907881021499634,0.6575303673744202,0.6718039664824056,2.9078809455228067,0.6933948065911397,0.2560864248279877,1.3555600073691192,0.09619603351759443,0.09360519340886031,0.1949135751720123,1.0008809455228067,0.6575303673744202,10,0,792.5506147269999,16.475712732000034,5425.423667343999,3009175552,13883,15360,True,True,True,True,True,True
11,2.7561323642730713,0.6953660845756531,2.795961618423462,0.6678582429885864,0.680329449437283,2.795961359030426,0.7020756629274135,0.26910990856405886,1.3351747376838938,0.087670550562717,0.08492433707258651,0.18189009143594115,0.888961359030426,0.6678582429885864,11,0,809.2016601869999,16.61584924100009,5352.664116389362,2979094528,13883,15360,True,True,True,True,True,True
12,2.612165927886963,0.7051965594291687,2.8877837657928467,0.6712369322776794,0.6837711968399033,2.887783811518523,0.7123180918815208,0.2842791945393796,1.3532072374352997,0.08422880316009673,0.07468190811847919,0.1667208054606204,0.9807838115185228,0.6712369322776794,12,0,826.1332509119999,16.65618042999995,5295.989061672002,3022893056,13883,15360,True,True,True,True,True,True
13,2.770639181137085,0.7120044827461243,2.8026061058044434,0.6750255227088928,0.6853196910023724,2.8026062400982488,0.7170467826703808,0.28967767842095477,1.3310088529769313,0.08268030899762757,0.06995321732961923,0.16132232157904525,0.8956062400982487,0.6750255227088928,13,0,843.047798315,16.615401225999904,5245.052123206001,3031031808,13883,15360,True,True,True,True,True,True
14,2.5206611156463623,0.7168008685112,2.7005715370178223,0.6778526306152344,0.689801559012236,2.7005713006710526,0.7219261161553933,0.3022054076675427,1.3042088627244868,0.07819844098776396,0.06507388384460677,0.1487945923324573,0.7935713006710525,0.6778526306152344,14,0,859.4511037429999,16.371486586000174,5188.531589098001,2991431680,13883,15360,True,True,True,True,True,True
15,2.5302159786224365,0.7171273827552795,2.6729843616485596,0.6815149188041687,0.6942366800285157,2.6729844490899812,0.7314259323702684,0.31297593102702265,1.292781879730772,0.07376331997148433,0.055574067629731605,0.13802406897297737,0.7659844490899812,0.6815149188041687,15,0,876.0709148669999,16.310504291999905,5141.473620573,3035021312,13883,15360,True,True,True,True,True,True
16,2.396221160888672,0.731192409992218,2.5732603073120117,0.6874971389770508,0.6977251744247198,2.5732601235964863,0.738683076845412,0.3220019684699227,1.2667762914913125,0.0702748255752802,0.04831692315458802,0.12899803153007733,0.6662601235964862,0.6874971389770508,16,0,892.551836152,16.449082063000105,5095.7551337215,3077562368,13883,15360,True,True,True,True,True,True
17,2.3235349655151367,0.7356088757514954,2.699958562850952,0.6910855770111084,0.7013597531758738,2.6999584273442174,0.7457948101085679,0.336444134260681,1.301571090472372,0.06664024682412617,0.04120518989143218,0.11455586573931903,0.7929584273442174,0.6910855770111084,17,0,909.114974901,16.485954028999913,5054.845032425293,3088261120,13883,15360,True,True,True,True,True,True
18,2.2716176509857178,0.7401613593101501,2.5501110553741455,0.6941166520118713,0.7068057779284069,2.5501109212830024,0.7515764607239054,0.3536979166531384,1.2631721722680416,0.061194222071593085,0.03542353927609465,0.09730208334686163,0.6431109212830024,0.6941166520118713,18,0,925.7332383219999,16.437207294000018,5017.503779696001,3034370048,13883,15360,True,True,True,True,True,True
19,2.155813694000244,0.7497251629829407,2.4672389030456543,0.6992016434669495,0.7103819229375811,2.4672389219433506,0.7619595622706474,0.3569362800687765,1.2368203642836029,0.05761807706241895,0.025040437729352605,0.09406371993122353,0.5602389219433506,0.6992016434669495,19,0,942.5484332079999,16.515903522000144,4985.256392615527,3034492928,13883,15360,True,True,True,True,True,True
20,2.1097137928009033,0.757031261920929,2.6915907859802246,0.7038636803627014,0.7176802973108792,2.6915909973773373,0.7623687137756116,0.3718292167687324,1.302696634616578,0.05031970268912078,0.024631286224388482,0.07917078323126764,0.7845909973773373,0.7038636803627014,20,0,958.9413602129999,16.361656240000002,4948.640482128,2992447488,13883,15360,True,True,True,True,True,True
21,1.9748822450637817,0.760678231716156,2.338066339492798,0.7082316279411316,0.7187963817826966,2.338066137989057,0.7668123961456399,0.38403815377378575,1.199575994288522,0.04920361821730346,0.020187603854360137,0.06696184622621426,0.431066137989057,0.7082316279411316,21,0,975.7684756309999,16.526496264000116,4919.7190741007125,2992648192,13883,15360,True,True,True,True,True,True
22,1.86465585231781,0.7714757919311523,2.425865888595581,0.7138802409172058,0.727269274369792,2.4258658115196154,0.7693918046494339,0.40263234747031657,1.2318303186813608,0.040730725630207965,0.017608195350566125,0.04836765252968345,0.5188658115196154,0.7138802409172058,22,0,992.240857638,16.439735804999827,4887.414605431272,3079344128,13883,15360,True,True,True,True,True,True
23,1.906983494758606,0.7744593024253845,2.8271193504333496,0.7157788276672363,0.7263635513691026,2.8271194051036654,0.7711416029944443,0.41092771107443576,1.331572937497682,0.04163644863089744,0.01585839700555569,0.04007228892556425,0.9201194051036654,0.7157788276672363,23,0,1008.912934668,16.44299319300012,4858.891860124827,3036663808,13883,15360,True,True,True,True,True,True
24,1.9381972551345825,0.776614248752594,2.2487521171569824,0.7162492871284485,0.7285314431965594,2.248752260628294,0.7716234630066403,0.4048657437068108,1.1747051147867047,0.039468556803440635,0.015376536993359724,0.046134256293189235,0.3417522606282941,0.7162492871284485,24,0,1025.446972222,16.50244579199989,4829.7692238995,3090087936,13883,15360,True,True,True,True,True,True
25,1.832536220550537,0.7797636985778809,2.2181873321533203,0.7197887897491455,0.7305065036754824,2.2181874042244254,0.7788911163070913,0.4103844919695276,1.1648998990241421,0.037493496324517595,0.008108883692908742,0.040615508030472425,0.31118740422442537,0.7197887897491455,25,0,1042.2428824820001,16.498564244999898,4804.534267027,3090096128,13883,15360,True,True,True,True,True,True
26,1.672098994255066,0.7920923233032227,2.2192769050598145,0.7237955927848816,0.7342813234073884,2.219276951876171,0.7784468199627648,0.43329296619588364,1.1680255852019388,0.03371867659261163,0.008553180037235264,0.017707033804116368,0.312276951876171,0.7237955927848816,26,0,1058.895177756,16.530702049999945,4778.434990482384,3090096128,13883,15360,True,True,True,True,True,True
27,1.5819936990737915,0.7929604649543762,2.1884400844573975,0.7280486822128296,0.7369984924094569,2.188440208811578,0.777769228904745,0.449887556142913,1.1537916238342176,0.031001507590543098,0.009230771095255053,0.001112443857087031,0.28144020881157816,0.7280486822128296,27,0,1075.754233109,16.56053285500002,4755.126063961,3092697088,13883,15360,True,True,True,True,True,True
28,1.5674771070480347,0.8021181225776672,2.7178955078125,0.7290772199630737,0.7393241553402596,2.7178953932889636,0.7808960990896665,0.44617393575947434,1.3020923847216739,0.02867584465974038,0.006103900910333526,0.004826064240525674,0.8108953932889635,0.7290772199630737,28,0,1092.379177069,16.594654785000102,4730.003616901713,3092701184,13883,15360,True,True,True,True,True,True
29,1.7774049043655396,0.8034554719924927,2.1663835048675537,0.7314116954803467,0.740779155515561,2.166383649023468,0.784734911926249,0.4401058065443748,1.1529387446910002,0.027220844484439066,0.0022650880737510315,0.0108941934556252,0.259383649023468,0.7314116954803467,29,0,1109.185092229,16.502791184999978,4707.158351009034,3092705280,13883,15360,True,True,True,True,True,True
30,1.6576566696166992,0.8083152174949646,2.352222442626953,0.733635425567627,0.7415680110322905,2.3522223299057843,0.7850508975731866,0.45638759356285363,1.204288708353727,0.026431988967709485,0.0019491024268134538,-0.005387593562853621,0.44522232990578425,0.733635425567627,30,0,1125.694991321,16.472320313999944,4682.051560845,3049132032,13883,15360,True,True,True,True,True,True
31,1.683246374130249,0.8075138330459595,2.2513315677642822,0.734032392501831,0.7445715053700609,2.2513314355300746,0.7874957938316229,0.4497962692645875,1.1910461863376307,0.023428494629939123,-0.0004957938316229038,0.0012037307354125226,0.3443314355300746,0.734032392501831,31,0,1142.255915943,16.52809143499985,4657.9421814657735,3052343296,13883,15360,True,True,True,True,True,True
32,1.395914077758789,0.8152076005935669,2.141246795654297,0.737602710723877,0.74641216824243,2.141246858268429,0.7879873873863694,0.4664254705174618,1.132376191627466,0.021587831757570064,-0.0009873873863693872,-0.015425470517461792,0.23424685826842895,0.737602710723877,32,0,1158.802109184,16.515936898000064,4634.1812058481255,3105710080,13883,15360,True,True,True,True,True,True
33,1.2853822708129883,0.8205108046531677,2.098240375518799,0.7392987012863159,0.7449279511961387,2.098240373891786,0.7796442971532322,0.4691515181421928,1.141624797896335,0.023072048803861267,0.0073557028467677865,-0.01815151814219279,0.19124037389178605,0.7392987012863159,33,0,1175.475290476,16.377588326000023,4611.884935515728,3106021376,13883,15360,True,True,True,True,True,True
34,1.2777775526046753,0.820500910282135,2.104914665222168,0.740652859210968,0.7473704816109014,2.1049146374694896,0.7863464314214894,0.4692647770021533,1.135596488297841,0.020629518389098656,0.0006535685785106216,-0.018264777002153287,0.19791463746948956,0.740652859210968,34,0,1191.952847348,16.44699545499998,4588.388963166236,2835087360,13883,15360,True,True,True,True,True,True
35,1.2297519445419312,0.828983724117279,1.998040795326233,0.7420425415039062,0.7492637348510524,1.9980408373120833,0.7841835476004412,0.47937355240732216,1.0986299758778804,0.01873626514894766,0.0028164523995588553,-0.028373552407322145,0.09104083731208323,0.7420425415039062,35,0,1208.805670962,16.543684859999985,4568.135348091429,3042639872,13883,15360,True,True,True,True,True,True
36,1.14811372756958,0.8356742262840271,1.9591485261917114,0.7452549934387207,0.7531262051959283,1.959148520866174,0.7899534879838381,0.48656399397183786,1.0882072776470457,0.014873794804071694,-0.002953487983838099,-0.03556399397183785,0.05214852086617405,0.7452549934387207,36,0,1225.222318329,16.385894042000018,4544.872040837332,3010899968,13883,15360,True,True,True,True,True,True
37,1.2916635274887085,0.8367653489112854,2.0552427768707275,0.743651270866394,,,,,,,,,,0.7452549934387207,36,1,1238.4553733510002,13.023239166999929,4499.349504438162,3012263936,13883,15360,True,True,True,True,,False
38,1.275408148765564,0.836739718914032,2.2177605628967285,0.7452461123466492,,,,,,,,,,0.7452549934387207,36,2,1251.6079892310001,13.012369648999993,4454.971807704157,3024941056,13883,15360,True,True,True,True,,False
39,1.1442844867706299,0.8411354422569275,1.9853978157043457,0.7460672855377197,0.7547740367197635,1.9853977491981216,0.7886273055130537,0.4788619069945717,1.0967164245632846,0.013225963280236508,-0.0016273055130536784,-0.027861906994571695,0.07839774919812159,0.7460672855377197,39,0,1268.076435532,16.319523981999964,4434.385955336537,3095846912,13883,15360,True,True,True,True,True,True
40,1.0668736696243286,0.8428971171379089,2.0311663150787354,0.7502670288085938,0.7548207837133475,2.0311662336120495,0.7795914020948237,0.47166165982648367,1.0996939479905452,0.013179216286652529,0.0074085979051763395,-0.020661659826483658,0.12416623361204948,0.7502670288085938,40,0,1284.541881866,16.27693381400013,4413.986471992501,3125141504,13883,15360,True,True,True,True,True,True
41,1.0501106977462769,0.8494864702224731,1.961727499961853,0.7497543692588806,,,,,,,,,,0.7502670288085938,40,1,1297.649352939,13.073002949000056,4372.566317456537,3125141504,13883,15360,True,True,True,True,,False
42,1.2446093559265137,0.851750373840332,2.173088550567627,0.7515605688095093,0.7580638563932357,2.173088528807057,0.7898101505367918,0.5106562957363374,1.1710790293752862,0.009936143606764314,-0.002810150536791789,-0.059656295736337406,0.26608852880705713,0.7515605688095093,42,0,1314.2842635860002,16.492903053999953,4354.162945610286,3117051904,13883,15360,True,True,True,True,True,True
43,1.0006312131881714,0.8532381057739258,2.055596351623535,0.7534525394439697,0.7606466277887504,2.0555962295120036,0.7831145382908972,0.48036345363168126,1.1112019920463196,0.007353372211249654,0.0038854617091028665,-0.029363453631681247,0.14859622951200357,0.7534525394439697,43,0,1330.959257095,16.441791040999988,4336.081390885209,3143237632,13883,15360,True,True,True,True,True,True
44,1.2572681903839111,0.8546416163444519,1.9275485277175903,0.7537074089050293,0.7605998807951664,1.9275484107327336,0.7886719757454308,0.5067876370433712,1.0782113857702775,0.007400119204833633,-0.0016719757454307649,-0.05578763704337114,0.020548410732733613,0.7537074089050293,44,0,1347.357896011,16.365522026999997,4316.455889594182,3195940864,13883,15360,True,True,True,True,True,True
45,1.1468247175216675,0.8478352427482605,1.9986048936843872,0.755108118057251,0.7628495798613951,1.998604872979896,0.789899850556063,0.5006822125749438,1.0914974599591853,0.005150420138604894,-0.0028998505560630106,-0.04968221257494382,0.09160487297989595,0.755108118057251,45,0,1364.0604441100002,16.399782278999965,4298.695956770666,3220250624,13883,15360,True,True,True,True,True,True
46,0.9561245441436768,0.860883891582489,1.8922491073608398,0.7559082508087158,0.757573012960604,1.8922491722091124,0.7815640450229921,0.4875649493713834,1.0629159160207904,0.01042698703939604,0.005435954977007884,-0.03656494937138338,-0.014750827790887655,0.7559082508087158,46,0,1380.3909840370002,16.299902640000028,4278.927866125783,3304726528,13883,15360,True,True,True,True,True,True
47,0.8796378970146179,0.8586255311965942,2.0630030632019043,0.7569920420646667,0.7604245795692265,2.063003274323043,0.7878365233731046,0.4729499076590987,1.1104399741095219,0.007575420430773527,-0.0008365233731045807,-0.02194990765909871,0.15600327432304306,0.7569920420646667,47,0,1396.8655769460001,16.30011780299992,4260.081487340894,3383480320,13883,15360,True,True,True,True,True,True
48,1.0229488611221313,0.8630985617637634,1.9972578287124634,0.7559260129928589,,,,,,,,,,0.7569920420646667,47,1,1409.8787438030001,12.977042312999856,4223.161444530001,3425128448,13883,15360,True,True,True,True,,False
49,1.0479789972305298,0.8668837547302246,2.10465931892395,0.7564128041267395,,,,,,,,,,0.7569920420646667,47,2,1423.119983965,13.09881902699999,4188.38548835596,3477950464,13883,15360,True,True,True,True,,False
50,0.9622928500175476,0.8634738922119141,1.945866346359253,0.7518640756607056,0.7596065071815069,1.9458662121172208,0.7915584878719003,0.48341236101411333,1.0846719663679316,0.008393492818493109,-0.004558487871900274,-0.03241236101411332,0.038866212117220744,0.7569920420646667,47,3,1439.4779508650001,16.2160512989999,4170.054554119999,3541065728,13883,15360,True,True,True,True,True,True
51,0.8691362738609314,0.8672402501106262,1.9312856197357178,0.7600534558296204,0.7608160856404923,1.9312855811733345,0.7905221999303483,0.47503122045749635,1.0632348604179456,0.007183914359507715,-0.003522199930348302,-0.02403122045749634,0.02428558117333446,0.7600534558296204,51,0,1455.8821867000001,16.315838714000165,4152.026892648294,3586990080,13883,15360,True,True,True,True,True,True
52,0.7829532623291016,0.8751009702682495,2.0090279579162598,0.7571464776992798,,,,,,,,,,0.7600534558296204,51,1,1468.9628143310001,12.778482194999924,4118.210617900154,3587899392,13883,15360,True,True,True,True,,False
53,0.7515174150466919,0.876829981803894,2.185361862182617,0.7565931677818298,,,,,,,,,,0.7600534558296204,51,2,1482.105733734,13.004830863000052,4085.467119975849,3633717248,13883,15360,True,True,True,True,,False
54,0.7269682884216309,0.8812440633773804,1.9904855489730835,0.7603281140327454,0.7627385557516332,1.9904853554752553,0.788369011905797,0.4726386291286869,1.0859287520401786,0.005261444248366831,-0.0013690119057969685,-0.021638629128686915,0.08348535547525526,0.7603281140327454,54,0,1498.5491116590001,16.296779729000036,4068.484993659889,3705556992,13883,15360,True,True,True,True,True,True
55,0.712043821811676,0.8804162740707397,1.9628280401229858,0.7590364217758179,0.7606641579113443,1.9628279191856228,0.7870184533492165,0.47886171523249527,1.0824151131410917,0.007335842088655675,-1.845334921646291e-05,-0.027861715232495254,0.0558279191856228,0.7603281140327454,54,1,1514.7570725540002,16.07038631499995,4050.473780927,3653046272,13883,15360,True,True,True,True,True,True
56,0.6634219288825989,0.8859772086143494,1.8324429988861084,0.7614768743515015,0.7645967487465962,1.8324429593362477,0.7897212953907646,0.4913995406731263,1.03510988446514,0.003403251253403794,-0.0027212953907646,-0.04039954067312629,-0.07455704066375235,0.7614768743515015,56,0,1531.126613186,16.22117333899996,4033.2309978149287,3714551808,13883,15360,True,True,True,True,True,True
57,0.6417720317840576,0.8837454915046692,1.9021940231323242,0.759782075881958,,,,,,,,,,0.7614768743515015,56,1,1544.229250477,12.926062155000182,4002.0915286582103,3714543616,13883,15360,True,True,True,True,,False
58,0.6337467432022095,0.8893993496894836,1.8913003206253052,0.7610199451446533,,,,,,,,,,0.7614768743515015,56,2,1557.254797692,12.899006643999883,3971.2523688685515,3669168128,13883,15360,True,True,True,True,,False
59,0.8941680788993835,0.8806257843971252,2.1501359939575195,0.7605686187744141,,,,,,,,,,0.7614768743515015,56,3,1570.398917873,12.998207265000019,3941.5013993656444,3680043008,13883,15360,True,True,True,True,,False
60,0.9342994689941406,0.8774747252464294,1.846279263496399,0.7626252770423889,0.7662971706382133,1.846279272623874,0.7944611550742443,0.5092400364859337,1.046890194359008,0.001702829361786673,-0.0074611550742442745,-0.05824003648593373,-0.060720727376126105,0.7626252770423889,60,0,1586.738283656,16.194850093000014,3925.084974784,3691950080,13883,15360,True,True,True,True,True,True
61,0.899273693561554,0.8821795582771301,2.3998160362243652,0.7622727155685425,,,,,,,,,,0.7626252770423889,60,1,1599.901208411,12.882570021999982,3896.2256767504427,3693105152,13883,15360,True,True,True,True,,False
62,0.686744749546051,0.8877629041671753,1.9077507257461548,0.7570847272872925,,,,,,,,,,0.7626252770423889,60,2,1613.096659005,13.046739167999931,3867.997569652097,3723821056,13883,15360,True,True,True,True,,False
63,0.5432361960411072,0.8897771239280701,1.860435128211975,0.7631511688232422,0.76514018254701,1.8604351462864066,0.7884757557193218,0.4907328351491762,1.0434077891493527,0.002859817452990021,-0.0014757557193217918,-0.03973283514917619,-0.046564853713593424,0.7631511688232422,63,0,1629.518556667,16.28111449700009,3852.3842775722374,3680854016,13883,15360,True,True,True,True,True,True
64,0.5188117027282715,0.8940867185592651,1.8725206851959229,0.7615318298339844,,,,,,,,,,0.7631511688232422,63,1,1642.388934864,12.839189125999837,3823.6494868574373,3651297280,13883,15360,True,True,True,True,,False
65,0.527010440826416,0.8968071341514587,1.861040711402893,0.7626447677612305,0.7654966283730877,1.8610409397533756,0.7871848191818633,0.48110292821298545,1.0452207788440029,0.0025033716269122763,-0.00018481918186330493,-0.030102928212985436,-0.04595906024662444,0.7631511688232422,63,2,1658.680977409,16.149073195000028,3807.7734660352303,3710615552,13883,15360,True,True,True,True,True,True
66,0.5293537378311157,0.8970237970352173,2.0594100952148438,0.7615324258804321,,,,,,,,,,0.7631511688232422,63,3,1671.627187428,12.928730881999854,3780.0223411789093,3743924224,13883,15360,True,True,True,True,,False
67,0.47420942783355713,0.899651825428009,1.8369134664535522,0.7622259259223938,,,,,,,,,,0.7631511688232422,63,4,1684.80379642,13.035173399000087,3753.51439147191,3752103936,13883,15360,True,True,True,True,,False
68,0.4225237965583801,0.9063858389854431,1.8785582780838013,0.7623968720436096,,,,,,,,,,0.7631511688232422,63,5,1697.806711876,12.859602569000117,3726.8059395429414,3761238016,13883,15360,True,True,True,True,,False
69,0.46089595556259155,0.9048792719841003,1.8933080434799194,0.7599781155586243,,,,,,,,,,0.7631511688232422,63,6,1711.043796124,13.092874518999906,3701.2787058370873,3749670912,13883,15360,True,True,True,True,,False
70,0.5222889184951782,0.9017404317855835,1.9435490369796753,0.7572181820869446,0.7610322904858181,1.9435491172012693,0.7896560720815313,0.4853861631227208,1.0812331830542623,0.006967709514181908,-0.002656072081531291,-0.0343861631227208,0.0365491172012693,0.7631511688232422,63,7,1727.55247689,16.36774238499993,3686.8521504582864,3699404800,13883,15360,True,True,True,True,True,True
71,0.4688037633895874,0.8960499167442322,1.8589621782302856,0.7593132257461548,,,,,,,,,,0.7631511688232422,63,8,1740.359983233,12.789527829000008,3660.4293523402534,3740762112,13883,15360,True,True,True,True,,False
72,0.42269691824913025,0.8997521996498108,1.872052788734436,0.7602518796920776,,,,,,,,,,0.7631511688232422,63,9,1753.3250028530001,12.825011356000005,3634.8835489141666,3782488064,13883,15360,True,True,True,True,,False
73,0.39560380578041077,0.9046289324760437,1.9468259811401367,0.7584215402603149,,,,,,,,,,0.7631511688232422,63,10,1766.424290833,12.952245018000212,3610.0999445825614,3795005440,13883,15360,True,True,True,True,,False
74,0.4522038996219635,0.8996594548225403,2.1279985904693604,0.7569056749343872,,,,,,,,,,0.7631511688232422,63,11,1779.538600135,12.97175458300012,3585.6780080226217,3835604992,13883,15360,True,True,True,True,,False
75,0.47354525327682495,0.8968477845191956,2.079545497894287,0.763698935508728,0.7628671099839891,2.0795454131026423,0.7909076231845938,0.43335453171057686,1.1169827209306107,0.005132890016010916,-0.003907623184593811,0.01764546828942315,0.17254541310264226,0.763698935508728,75,0,1795.96096372,16.282471561999955,3571.4817711000005,3835908096,13883,15360,True,True,True,True,True,True
76,0.6477979421615601,0.9064863324165344,1.8629734516143799,0.7557815909385681,,,,,,,,,,0.763698935508728,75,1,1809.067031924,12.921270856999854,3547.4526076109473,3819556864,13883,15360,True,True,True,True,,False
77,0.609512448310852,0.8965609669685364,1.995481014251709,0.7569162845611572,,,,,,,,,,0.763698935508728,75,2,1821.9381675490001,12.732167606999838,3523.0267721084024,3819552768,13883,15360,True,True,True,True,,False
78,0.9100881218910217,0.8973194360733032,2.449899673461914,0.7566562294960022,,,,,,,,,,0.763698935508728,75,3,1834.884810998,12.795695168000066,3499.112117677846,3787608064,13883,15360,True,True,True,True,,False
79,0.7282752990722656,0.8923593163490295,1.9057426452636719,0.7584541440010071,,,,,,,,,,0.763698935508728,75,4,1847.8865677640001,12.859505290000016,3475.629312156645,3788935168,13883,15360,True,True,True,True,,False
80,0.6795645356178284,0.9019343256950378,2.145703077316284,0.758944034576416,0.7647077728563582,2.1457030846079985,0.7945548323495875,0.47800249356611235,1.1388100562939802,0.003292227143641857,-0.007554832349587426,-0.02700249356611234,0.2387030846079985,0.763698935508728,75,5,1864.376378902,16.34767594799996,3462.0006819365003,3756957696,13883,15360,True,True,True,True,True,True
81,0.5292996168136597,0.9048667550086975,2.1845455169677734,0.7583196759223938,,,,,,,,,,0.763698935508728,75,6,1877.161577811,12.767566919999808,3438.285232437963,3781582848,13883,15360,True,True,True,True,,False
82,0.5809841156005859,0.9054718613624573,1.8474133014678955,0.7593578100204468,,,,,,,,,,0.763698935508728,75,7,1890.1314154350002,12.821815496999989,3415.327241970244,3770699776,13883,15360,True,True,True,True,,False
83,0.4487122893333435,0.9094927906990051,2.0063178539276123,0.75761878490448,,,,,,,,,,0.763698935508728,75,8,1903.120725237,12.84182034899959,3392.6608396898678,3726495744,13883,15360,True,True,True,True,,False
84,0.5303037762641907,0.907353401184082,1.8617229461669922,0.7570602893829346,,,,,,,,,,0.763698935508728,75,9,1916.0187460820002,12.747001789000024,3369.9901013794292,3758469120,13883,15360,True,True,True,True,,False
85,0.5438947677612305,0.9073678255081177,3.023247718811035,0.7548860907554626,0.7573451213668821,3.023247598376827,0.7850270252740112,0.43920540897210825,1.4032774687668925,0.01065487863311787,0.0019729747259887853,0.011794591027891765,1.1162475983768272,0.763698935508728,75,10,1932.166425161,16.005465866000122,3355.7690327001765,3791364096,13883,15360,True,True,True,True,True,True
86,0.738447368144989,0.8893952965736389,1.8913488388061523,0.7585774064064026,,,,,,,,,,0.763698935508728,75,11,1945.2270940829999,12.913662122000005,3333.821530407721,3799470080,13883,15360,True,True,True,True,,False
87,0.8562144637107849,0.9049522280693054,2.249263048171997,0.7568424940109253,,,,,,,,,,0.763698935508728,75,12,1958.201748736,12.832942074999664,3311.8677353134476,3811033088,13883,15360,True,True,True,True,,False
88,0.518639862537384,0.9089303612709045,2.1158716678619385,0.7594055533409119,,,,,,,,,,0.763698935508728,75,13,1971.3586981890003,13.01081412099984,3290.5571764354086,3758501888,13883,15360,True,True,True,True,,False
89,0.43217694759368896,0.9092897772789001,1.9270977973937988,0.7555407285690308,,,,,,,,,,0.763698935508728,75,14,1984.3826196750001,12.876932338999723,3269.1144644815167,3695714304,13883,15360,True,True,True,True,,False
90,0.4210778474807739,0.9137052297592163,1.9083731174468994,0.7559689879417419,0.7614471700538759,1.9083730048722813,0.7853192439020287,0.48767659251640155,1.0694068566121555,0.006552829946124161,0.0016807560979713587,-0.03667659251640154,0.0013730048722813137,0.763698935508728,75,15,2000.585791089,16.053374814000108,3255.2770863596666,3728838656,13883,15360,True,True,True,True,True,True
91,0.490898996591568,0.9142113924026489,1.9057799577713013,0.7589465379714966,,,,,,,,,,0.763698935508728,75,16,2013.4656643070002,12.736312343999998,3233.755082132989,3769708544,13883,15360,True,True,True,True,,False
92,0.3456360399723053,0.9136536717414856,2.0177958011627197,0.7565385103225708,,,,,,,,,,0.763698935508728,75,17,2026.3406612590002,12.754434261999904,3212.4099264467827,3736092672,13883,15360,True,True,True,True,,False
93,0.33761683106422424,0.915264904499054,1.898181676864624,0.7595312595367432,,,,,,,,,,0.763698935508728,75,18,2039.2171566310003,12.739309395000419,3191.2502596358713,3643478016,13883,15360,True,True,True,True,,False
94,0.318189799785614,0.9160314798355103,1.9498244524002075,0.7592755556106567,,,,,,,,,,0.763698935508728,75,19,2052.303094459,12.93766041500021,3170.725821953915,3694948352,13883,15360,True,True,True,True,,False
95,0.34045925736427307,0.9154978394508362,1.8938417434692383,0.7587581872940063,0.7590689167552912,1.8938416895142975,0.7827977285059267,0.4567162560337447,1.069407020898527,0.008931083244708815,0.004202271494073373,-0.005716256033744704,-0.013158310485702485,0.763698935508728,75,20,2068.557718043,16.109380708000117,3157.1956739630523,3694972928,13883,15360,True,True,True,True,True,True
96,0.3236103355884552,0.9184783697128296,2.075782299041748,0.7575607299804688,,,,,,,,,,0.763698935508728,75,21,2081.58630163,12.88383355399992,3136.7534309998746,3697688576,13883,15360,True,True,True,True,,False
97,0.4085555970668793,0.9215921759605408,1.8822890520095825,0.7566034197807312,,,,,,,,,,0.763698935508728,75,22,2094.463666093,12.728376247999677,3116.147578456463,3668373504,13883,15360,True,True,True,True,,False
98,0.31775516271591187,0.9180521965026855,2.0208842754364014,0.7582416534423828,,,,,,,,,,0.763698935508728,75,23,2107.638495997,13.03254853899989,3096.312593018755,3668385792,13883,15360,True,True,True,True,,False
99,0.2930644750595093,0.9233673214912415,1.8983542919158936,0.7588901519775391,,,,,,,,,,0.763698935508728,75,24,2120.63938461,12.856721529999959,3076.25900282297,3626917888,13883,15360,True,True,True,True,,False
100,0.2825825810432434,0.9182409644126892,2.1216063499450684,0.7530015707015991,0.7550895789264553,2.1216062841834273,0.7869863603579734,0.42215673537149706,1.1340843157962177,0.012910421073544676,1.3639642026608279e-05,0.02884326462850295,0.2146062841834273,0.763698935508728,75,25,2136.769127351,15.984957240000313,3062.604174848,3626926080,13883,15360,True,True,True,True,True,True
101,0.3240821957588196,0.9197205901145935,1.8759499788284302,0.758690357208252,,,,,,,,,,0.763698935508728,75,26,2149.9042677370003,12.981954839000082,3043.000082272416,3626909696,13883,15360,True,True,True,True,,False
102,0.48128798604011536,0.9209399819374084,1.9587655067443848,0.759854793548584,,,,,,,,,,0.763698935508728,75,27,2162.8497966190002,12.801901429000281,3023.154763077706,3626901504,13883,15360,True,True,True,True,,False
103,0.4084566533565521,0.9242302179336548,1.8716379404067993,0.7595677375793457,,,,,,,,,,0.763698935508728,75,28,2175.814299578,12.825009976000274,3003.479710106825,3626893312,13883,15360,True,True,True,True,,False
104,0.33361539244651794,0.919522762298584,1.9116981029510498,0.7574949860572815,,,,,,,,,,0.763698935508728,75,29,2188.851977195,12.892134568000074,2984.071612389,3573309440,13883,15360,True,True,True,True,,False
105,0.35386884212493896,0.9212208986282349,1.9963393211364746,0.7572007179260254,0.7642344595463204,1.9963393112771977,0.7998851059662047,0.4207540886527615,1.0887495199173831,0.0037655404536796055,-0.012885105966204624,0.03024591134723853,0.08933931127719763,0.763698935508728,75,30,2205.085043017,16.08714973999986,2970.7191484118575,3606310912,13883,15360,True,True,True,True,True,True
106,0.3477122485637665,0.9190321564674377,1.902073860168457,0.7583962678909302,,,,,,,,,,0.763698935508728,75,31,2217.955027071,12.851627033000113,2951.1572594405475,3654520832,13883,15360,True,True,True,True,,False
107,0.3700641691684723,0.9274229407310486,1.8806926012039185,0.756075918674469,,,,,,,,,,0.763698935508728,75,32,2231.118791812,13.020829956999933,2932.250356077523,3661627392,13883,15360,True,True,True,True,,False
108,0.3247426152229309,0.9204589128494263,1.8592718839645386,0.7596353888511658,,,,,,,,,,0.763698935508728,75,33,2244.2453698,12.975805461999698,2913.3836974311107,3670016000,13883,15360,True,True,True,True,,False
109,0.26894739270210266,0.9261570572853088,1.9146924018859863,0.7587729096412659,,,,,,,,,,0.763698935508728,75,34,2257.216781729,12.825049905000014,2894.3504648978715,3670016000,13883,15360,True,True,True,True,,False
110,0.2592838406562805,0.9289417266845703,1.9875470399856567,0.7555752992630005,0.7590221697617072,1.9875468775733163,0.7896315924613299,0.4380971447486452,1.0875151407718657,0.008977830238292794,-0.0026315924613298236,0.012902855251354817,0.08054687757331624,0.763698935508728,75,35,2273.379294534,16.018458478999946,2880.9393488787277,3688361984,13883,15360,True,True,True,True,True,True
111,0.27334651350975037,0.9289129376411438,1.8531948328018188,0.7579552531242371,,,,,,,,,,0.763698935508728,75,36,2286.1766297100003,12.779812546000358,2861.7487609478108,3688357888,13883,15360,True,True,True,True,,False
112,0.25974270701408386,0.9266301393508911,1.9080135822296143,0.7578074932098389,,,,,,,,,,0.763698935508728,75,37,2299.13980606,12.844186312000147,2842.95071432525,3688345600,13883,15360,True,True,True,True,,False
113,0.29501909017562866,0.9254047274589539,1.880326747894287,0.75569748878479,,,,,,,,,,0.763698935508728,75,38,2312.179498803,12.92184003500006,2824.382564572761,3688345600,13883,15360,True,True,True,True,,False
114,0.272029310464859,0.926576554775238,1.9737355709075928,0.7576550841331482,,,,,,,,,,0.763698935508728,75,39,2325.179803548,12.853772386999935,2805.8471405501577,3688349696,13883,15360,True,True,True,True,,False
115,0.2944016754627228,0.9232547879219055,1.952906608581543,0.7581377029418945,0.7596590975492888,1.95290653797722,0.7930616450586325,0.47101388157317864,1.0954203219048713,0.008340902450711174,-0.006061645058632492,-0.020013881573178627,0.045906537977219886,0.763698935508728,75,40,2341.5084218,16.187074698999822,2792.7622227621305,3730309120,13883,15360,True,True,True,True,True,True
116,0.3283615708351135,0.9260930418968201,1.9925801753997803,0.7588713765144348,,,,,,,,,,0.763698935508728,75,41,2354.289931741,12.764178163999986,2773.9949318444824,3730284544,13883,15360,True,True,True,True,,False
117,0.2710234522819519,0.9272736310958862,1.9109113216400146,0.7586859464645386,,,,,,,,,,0.763698935508728,75,42,2367.385798315,12.953430781000407,2755.8216477538463,3730284544,13883,15360,True,True,True,True,,False
118,0.28483137488365173,0.9227524995803833,1.968052864074707,0.7595232725143433,,,,,,,,,,0.763698935508728,75,43,2380.5693423010002,13.036474215999988,2737.8696528095084,3730288640,13883,15360,True,True,True,True,,False
119,0.25453370809555054,0.9246523976325989,1.929919958114624,0.7557021379470825,,,,,,,,,,0.763698935508728,75,44,2393.484840008,12.77480238399994,2719.590099234193,3774631936,13883,15360,True,True,True,True,,False
120,0.28070327639579773,0.9241908192634583,1.88346266746521,0.759884774684906,0.7601908446013066,1.883462751542375,0.7874383935006063,0.47282790807035485,1.0659841781141655,0.007809155398693424,-0.00043839350060626003,-0.02182790807035484,-0.02353724845762506,0.763698935508728,75,45,2409.7881966580003,16.153415537,2706.481735305,3774648320,13883,15360,True,True,True,True,True,True
121,0.24599191546440125,0.9328133463859558,1.8745235204696655,0.7596724033355713,,,,,,,,,,0.763698935508728,75,46,2422.7311193190003,12.920051620999857,2688.349340725744,3731234816,13883,15360,True,True,True,True,,False
122,0.2242870032787323,0.9319700002670288,2.0111680030822754,0.7575469017028809,,,,,,,,,,0.763698935508728,75,47,2435.624174506,12.769282042000214,2670.2292617297703,3742208000,13883,15360,True,True,True,True,,False
123,0.22505009174346924,0.932425320148468,1.9092192649841309,0.7591423988342285,,,,,,,,,,0.763698935508728,75,48,2448.498820275,12.732964028999959,2652.1676838895123,3747180544,13883,15360,True,True,True,True,,False
124,0.2123267948627472,0.9360629916191101,1.8617205619812012,0.7599228620529175,,,,,,,,,,0.763698935508728,75,49,2461.482795001,12.82942365000008,2634.3449430660644,3747872768,13883,15360,True,True,True,True,,False
125,0.22323055565357208,0.9336804151535034,1.8667347431182861,0.7567538619041443,0.7581339768836117,1.8667347236328293,0.7927721912986382,0.46985479822043397,1.0676944406294937,0.00986602311638829,-0.005772191298638152,-0.018854798220433955,-0.0402652763671707,0.763698935508728,75,50,2477.675366544,16.04721673300037,2621.0916571979997,3747905536,13883,15360,True,True,True,True,True,True
126,0.23240910470485687,0.9304648637771606,1.8921409845352173,0.7599076628684998,,,,,,,,,,0.763698935508728,75,51,2490.666427873,12.871090926000306,2603.370583189667,3756269568,13883,15360,True,True,True,True,,False
127,0.20972782373428345,0.9298499226570129,1.9112833738327026,0.7601203918457031,,,,,,,,,,0.763698935508728,75,52,2503.5893679680003,12.785987719999866,2585.631202997449,3756277760,13883,15360,True,True,True,True,,False
128,0.2513332962989807,0.9267266988754272,2.0858724117279053,0.7591232657432556,,,,,,,,,,0.763698935508728,75,53,2516.537738681,12.798796425000091,2568.0012513754373,3757150208,13883,15360,True,True,True,True,,False
129,0.2992858290672302,0.9226022958755493,2.049597978591919,0.7590137124061584,,,,,,,,,,0.763698935508728,75,54,2529.542978621,12.889954785999635,2550.519268043023,3757137920,13883,15360,True,True,True,True,,False
130,0.2945133149623871,0.9276474118232727,1.871597409248352,0.7600680589675903,0.761277712202134,1.8715973555217424,0.7936919278812304,0.4687081776016146,1.063695747367503,0.006722287797865989,-0.006691927881230408,-0.017708177601614583,-0.03540264447825758,0.763698935508728,75,55,2545.996649579,16.306069876000038,2537.6156432995385,3707691008,13883,15360,True,True,True,True,True,True
131,0.2635384202003479,0.9270297288894653,1.8891342878341675,0.7571890354156494,,,,,,,,,,0.763698935508728,75,56,2559.000911487,12.859273475000009,2520.207819056061,3719069696,13883,15360,True,True,True,True,,False
132,0.22445714473724365,0.9311979413032532,1.8963580131530762,0.759263277053833,,,,,,,,,,0.763698935508728,75,57,2572.108691747,12.960307559000285,2502.998465777091,3726188544,13883,15360,True,True,True,True,,False
133,0.2194100171327591,0.9340157508850098,1.9902422428131104,0.7566219568252563,,,,,,,,,,0.763698935508728,75,58,2585.124086323,12.887752141999954,2485.734787805955,3726188544,13883,15360,True,True,True,True,,False
134,0.23315852880477905,0.9352127313613892,1.9160233736038208,0.7564395666122437,,,,,,,,,,0.763698935508728,75,59,2598.278964683,13.007229170999835,2468.707309641045,3726184448,13883,15360,True,True,True,True,,False
135,0.3253374695777893,0.9311444163322449,1.917349100112915,0.7604656219482422,0.7578943985414938,1.917349017316659,0.791913472661987,0.4634501664267153,1.083300714926286,0.010105601458506253,-0.0049134726619869395,-0.012450166426715314,0.010349017316658937,0.763698935508728,75,60,2614.393837595,15.97656348999999,2455.3549750681113,3726233600,13883,15360,True,True,True,True,True,True
136,0.23179611563682556,0.9298239350318909,1.9708017110824585,0.7590522766113281,,,,,,,,,,0.763698935508728,75,61,2627.339162847,12.796747542000048,2438.1399128388825,3726225408,13883,15360,True,True,True,True,,False
137,0.3391950726509094,0.9327384233474731,1.8777879476547241,0.7586929202079773,,,,,,,,,,0.763698935508728,75,62,2640.236483965,12.749490412000341,2420.9300684123286,3726213120,13883,15360,True,True,True,True,,False
138,0.2561599612236023,0.9292095899581909,1.9650299549102783,0.7562658190727234,,,,,,,,,,0.763698935508728,75,63,2653.358870532,12.972026994999851,2404.0469314283478,3726221312,13883,15360,True,True,True,True,,False
139,0.2547922730445862,0.9366804361343384,1.903396725654602,0.7583450078964233,,,,,,,,,,0.763698935508728,75,64,2666.36798396,12.86558891499999,2387.086704890748,3726213120,13883,15360,True,True,True,True,,False
140,0.2350935935974121,0.9323765635490417,1.9033969640731812,0.7576767206192017,0.7619906038542896,1.9033969733920124,0.7933116710232844,0.4649313229402971,1.0776956846554313,0.006009396145710388,-0.006311671023284338,-0.013931322940297086,-0.003603026607987614,0.763698935508728,75,65,2682.743027907,16.227833465000003,2374.0297005965713,3734724608,13883,15360,True,True,True,True,True,True
141,0.25060907006263733,0.9348915219306946,2.0000405311584473,0.7580753564834595,,,,,,,,,,0.763698935508728,75,66,2695.684461155,12.794391164999979,2357.053687631298,3734732800,13883,15360,True,True,True,True,,False
142,0.2371239960193634,0.9366860389709473,1.8903849124908447,0.7555648684501648,,,,,,,,,,0.763698935508728,75,67,2708.620969531,12.821240719999878,2340.1290202446903,3725000704,13883,15360,True,True,True,True,,False
143,0.22337372601032257,0.9358606338500977,1.9297987222671509,0.7549896836280823,,,,,,,,,,0.763698935508728,75,68,2721.699767525,12.942414698999983,2323.416351188895,3724988416,13883,15360,True,True,True,True,,False
144,0.2894099950790405,0.9347739815711975,2.2334659099578857,0.7531175017356873,,,,,,,,,,0.763698935508728,75,69,2734.6305033450003,12.78378584200027,2306.5937520166667,3724996608,13883,15360,True,True,True,True,,False
145,0.4976266026496887,0.9349045753479004,1.983317494392395,0.759899914264679,0.7630599413325231,1.9833175127825493,0.7992596536060036,0.48041583053274484,1.1053265154532839,0.004940058667476932,-0.012259653606003562,-0.029415830532744824,0.07631751278254928,0.763698935508728,75,70,2750.961677397,16.19099240300011,2293.459784820793,3725070336,13883,15360,True,True,True,True,True,True
146,0.3143479526042938,0.9364514946937561,2.01567006111145,0.751737654209137,,,,,,,,,,0.763698935508728,75,71,2763.8439023710002,12.864405842999986,2276.644087805548,3725070336,13883,15360,True,True,True,True,,False
147,0.4648975431919098,0.9262441396713257,2.0846121311187744,0.7599675059318542,,,,,,,,,,0.763698935508728,75,72,2776.637937677,12.65508038300004,2259.7901179226938,3741446144,13883,15360,True,True,True,True,,False
148,0.231388658285141,0.9340390563011169,1.9216192960739136,0.7588292360305786,,,,,,,,,,0.763698935508728,75,73,2789.755611635,12.972105501999977,2243.323398226108,3741442048,13883,15360,True,True,True,True,,False
149,0.20749139785766602,0.9327630400657654,1.8746891021728516,0.7590445876121521,,,,,,,,,,0.763698935508728,75,74,2802.755114286,12.880542223999782,2226.7818739813824,3749826560,13883,15360,True,True,True,True,,False
150,0.2369544357061386,0.9312230944633484,1.911800503730774,0.7602730989456177,0.7630190377131371,1.9118006693326228,0.788164226815408,0.4605971348519348,1.0618761105058296,0.0049809622868629555,-0.0011642268154079538,-0.009597134851934808,0.004800669332622798,0.763698935508728,75,75,2818.81537323,15.911609006000162,2213.348333434,3749974016,13883,15360,True,True,True,True,True,True
